TIME,BATT,PM_1,PM_25,PM_10
ISO 8601,%,ug/m3,ug/m3,ug/m3
Time,Battery,PM 1.0,PM 2.5,PM 10.0
,10,89,87,88
2026-05-07T00:00:38Z,99,3,7,16
2026-05-07T00:02:38Z,99,3,8,9
2026-05-07T00:04:38Z,99,4,9,13
2026-05-07T00:06:38Z,99,4,9,11
2026-05-07T00:08:38Z,99,4,8,11
2026-05-07T00:10:38Z,99,5,9,11
2026-05-07T00:12:38Z,99,4,9,9
2026-05-07T00:14:38Z,99,3,7,8
2026-05-07T00:16:38Z,99,4,7,8
2026-05-07T00:18:38Z,99,9,15,16
2026-05-07T00:20:38Z,99,7,15,17
2026-05-07T00:22:38Z,99,3,7,9
2026-05-07T00:24:38Z,99,4,8,9
2026-05-07T00:26:38Z,99,4,9,11
2026-05-07T00:28:38Z,99,5,9,10
2026-05-07T00:30:38Z,99,4,10,19
2026-05-07T00:32:38Z,99,6,9,9
2026-05-07T00:34:38Z,99,4,9,10
2026-05-07T00:36:38Z,99,5,9,12
2026-05-07T00:38:38Z,99,4,8,9
2026-05-07T00:40:38Z,98,6,12,12
2026-05-07T00:42:38Z,98,5,8,12
2026-05-07T00:44:38Z,99,3,9,11
2026-05-07T00:46:38Z,99,4,8,9
2026-05-07T00:48:38Z,98,5,11,12
2026-05-07T00:50:38Z,98,4,10,19
2026-05-07T00:52:38Z,99,6,11,15
2026-05-07T00:54:38Z,98,4,9,11
2026-05-07T00:56:38Z,98,4,11,14
2026-05-07T00:58:38Z,98,5,12,15
2026-05-07T01:00:38Z,98,5,8,18
2026-05-07T01:02:38Z,98,6,9,11
2026-05-07T01:04:38Z,98,3,8,9
2026-05-07T01:06:38Z,98,4,8,11
2026-05-07T01:08:38Z,98,5,9,11
2026-05-07T01:10:38Z,98,5,9,11
2026-05-07T01:12:38Z,98,4,10,12
2026-05-07T01:14:38Z,98,4,9,9
2026-05-07T01:16:38Z,98,4,11,13
2026-05-07T01:18:38Z,98,3,8,12
2026-05-07T01:20:38Z,98,5,10,12
2026-05-07T01:22:38Z,98,5,9,9
2026-05-07T01:24:38Z,98,6,11,19
2026-05-07T01:26:38Z,98,7,11,14
2026-05-07T01:28:38Z,98,5,9,10
2026-05-07T01:30:38Z,98,5,8,14
2026-05-07T01:32:38Z,98,5,11,12
2026-05-07T01:34:38Z,98,6,12,21
2026-05-07T01:36:38Z,98,7,9,10
2026-05-07T01:38:38Z,98,4,11,15
2026-05-07T01:40:38Z,98,4,12,15
2026-05-07T01:42:38Z,98,5,11,21
2026-05-07T01:44:38Z,98,5,11,11
2026-05-07T01:46:38Z,98,4,9,12
2026-05-07T01:48:38Z,98,4,10,11
2026-05-07T01:50:38Z,98,6,8,11
2026-05-07T01:52:38Z,98,3,7,11
2026-05-07T01:54:38Z,98,6,9,12
2026-05-07T01:56:38Z,98,5,11,13
2026-05-07T01:58:38Z,98,7,12,13
2026-05-07T02:00:38Z,98,4,9,11
2026-05-07T02:02:38Z,98,3,9,13
2026-05-07T02:04:38Z,98,5,13,17
2026-05-07T02:06:38Z,98,null,null,null
2026-05-07T02:12:54Z,96,7,18,19
2026-05-07T02:14:54Z,98,5,9,12
2026-05-07T02:16:54Z,98,7,11,12
2026-05-07T02:18:54Z,98,5,10,14
2026-05-07T02:20:54Z,98,7,11,14
2026-05-07T02:22:54Z,98,4,9,11
2026-05-07T02:24:54Z,98,6,11,12
2026-05-07T02:26:54Z,98,4,10,12
2026-05-07T02:28:54Z,98,6,10,11
2026-05-07T02:30:54Z,98,6,11,12
2026-05-07T02:32:54Z,98,7,12,15
2026-05-07T02:34:54Z,98,6,12,13
2026-05-07T02:36:54Z,98,6,11,12
2026-05-07T02:38:54Z,98,4,10,11
2026-05-07T02:40:54Z,98,6,10,14
2026-05-07T02:42:54Z,98,6,9,9
2026-05-07T02:44:54Z,98,7,11,13
2026-05-07T02:46:54Z,98,3,9,9
2026-05-07T02:48:54Z,98,3,10,12
2026-05-07T02:50:54Z,98,4,9,13
2026-05-07T02:52:54Z,98,5,10,13
2026-05-07T02:54:54Z,98,6,10,20
2026-05-07T02:56:54Z,98,6,10,13
2026-05-07T02:58:54Z,98,4,10,10
2026-05-07T03:00:54Z,98,5,12,13
2026-05-07T03:02:54Z,97,6,9,11
2026-05-07T03:04:54Z,97,7,12,14
2026-05-07T03:06:54Z,97,5,8,9
2026-05-07T03:08:54Z,97,4,8,10
2026-05-07T03:10:54Z,97,5,10,14
2026-05-07T03:12:54Z,97,7,13,20
2026-05-07T03:14:54Z,97,5,10,12
2026-05-07T03:16:54Z,97,5,9,9
2026-05-07T03:18:54Z,97,6,9,12
2026-05-07T03:20:54Z,97,5,11,12
2026-05-07T03:22:54Z,97,4,8,10
2026-05-07T03:24:54Z,97,5,9,17
2026-05-07T03:26:54Z,97,6,9,9
2026-05-07T03:28:54Z,97,6,11,14
2026-05-07T03:30:54Z,97,6,9,10
2026-05-07T03:32:54Z,97,4,11,20
2026-05-07T03:34:54Z,97,6,11,13
2026-05-07T03:36:54Z,97,6,11,12
2026-05-07T03:38:54Z,97,6,11,12
2026-05-07T03:40:54Z,97,4,12,13
2026-05-07T03:42:54Z,97,3,8,8
2026-05-07T03:44:54Z,97,5,10,12
2026-05-07T03:46:54Z,97,7,12,14
2026-05-07T03:48:54Z,97,6,12,14
2026-05-07T03:50:54Z,97,3,9,10
2026-05-07T03:52:54Z,97,6,11,14
2026-05-07T03:54:54Z,97,4,11,11
2026-05-07T03:56:54Z,97,4,10,15
2026-05-07T03:58:54Z,97,4,13,16
2026-05-07T04:00:54Z,97,4,7,8
2026-05-07T04:02:54Z,97,5,8,9
2026-05-07T04:04:54Z,97,6,12,15
2026-05-07T04:06:54Z,97,5,8,9
2026-05-07T04:08:54Z,97,6,11,13
2026-05-07T04:10:54Z,97,5,10,14
2026-05-07T04:12:54Z,97,4,9,12
2026-05-07T04:14:54Z,97,5,11,13
2026-05-07T04:16:54Z,97,5,10,12
2026-05-07T04:18:54Z,97,3,9,12
2026-05-07T04:20:54Z,97,6,14,18
2026-05-07T04:22:54Z,97,6,12,13
2026-05-07T04:24:54Z,97,7,10,12
2026-05-07T04:26:54Z,97,4,10,11
2026-05-07T04:28:54Z,97,4,9,11
2026-05-07T04:30:54Z,97,5,11,12
2026-05-07T04:32:54Z,97,4,7,8
2026-05-07T04:34:54Z,97,7,11,11
2026-05-07T04:36:54Z,97,4,9,11
2026-05-07T04:38:54Z,97,3,9,10
2026-05-07T04:40:54Z,97,5,11,15
2026-05-07T04:42:54Z,97,4,12,13
2026-05-07T04:44:54Z,97,6,14,16
2026-05-07T04:46:54Z,97,7,15,18
2026-05-07T04:48:54Z,97,4,10,13
2026-05-07T04:50:54Z,97,6,11,13
2026-05-07T04:52:54Z,97,4,10,13
2026-05-07T04:54:54Z,97,4,8,10
2026-05-07T04:56:54Z,97,6,10,11
2026-05-07T04:58:54Z,96,4,10,12
2026-05-07T05:00:54Z,97,5,9,10
2026-05-07T05:02:54Z,96,4,9,10
2026-05-07T05:04:54Z,97,7,15,21
2026-05-07T05:06:54Z,97,4,9,12
2026-05-07T05:08:54Z,96,7,14,14
2026-05-07T05:10:54Z,96,5,8,9
2026-05-07T05:12:54Z,96,6,12,13
2026-05-07T05:14:54Z,96,3,8,9
2026-05-07T05:16:54Z,96,6,13,15
2026-05-07T05:18:54Z,96,4,9,12
2026-05-07T05:20:54Z,96,5,16,20
2026-05-07T05:22:54Z,96,5,9,10
2026-05-07T05:24:54Z,96,10,18,21
2026-05-07T05:26:54Z,96,4,11,15
2026-05-07T05:28:54Z,96,6,14,16
2026-05-07T05:30:54Z,96,7,12,14
2026-05-07T05:32:54Z,96,4,10,15
2026-05-07T05:34:54Z,96,7,12,13
2026-05-07T05:36:54Z,96,4,8,10
2026-05-07T05:38:54Z,96,5,10,12
2026-05-07T05:40:54Z,96,6,10,11
2026-05-07T05:42:54Z,96,4,11,14
2026-05-07T05:44:54Z,96,7,11,14
2026-05-07T05:46:54Z,96,5,9,12
2026-05-07T05:48:54Z,96,7,11,14
2026-05-07T05:50:54Z,96,6,12,15
2026-05-07T05:52:54Z,96,7,11,13
2026-05-07T05:54:54Z,96,6,12,13
2026-05-07T05:56:54Z,96,5,12,12
2026-05-07T05:58:54Z,96,3,8,9
2026-05-07T06:00:54Z,96,6,12,16
2026-05-07T06:02:54Z,96,5,10,13
2026-05-07T06:04:54Z,96,6,9,9
2026-05-07T06:06:54Z,96,5,12,13
2026-05-07T06:08:54Z,96,6,12,13
2026-05-07T06:10:54Z,96,4,8,11
2026-05-07T06:12:54Z,96,5,9,11
2026-05-07T06:14:54Z,96,4,9,11
2026-05-07T06:16:54Z,96,5,11,15
2026-05-07T06:18:54Z,96,5,10,11
2026-05-07T06:20:54Z,96,6,9,11
2026-05-07T06:22:54Z,96,3,12,14
2026-05-07T06:24:54Z,96,7,11,14
2026-05-07T06:26:54Z,96,5,10,13
2026-05-07T06:28:54Z,96,6,11,13
2026-05-07T06:30:54Z,96,6,10,13
2026-05-07T06:32:54Z,96,5,9,10
2026-05-07T06:34:54Z,96,5,8,10
2026-05-07T06:36:54Z,96,4,10,11
2026-05-07T06:38:54Z,96,3,6,6
2026-05-07T06:40:54Z,96,5,9,18
2026-05-07T06:42:54Z,96,5,13,15
2026-05-07T06:44:54Z,96,6,11,21
2026-05-07T06:46:54Z,96,6,12,15
2026-05-07T06:48:54Z,96,5,11,15
2026-05-07T06:50:54Z,96,5,10,14
2026-05-07T06:52:54Z,96,5,10,13
2026-05-07T06:54:54Z,96,7,10,14
2026-05-07T06:56:54Z,96,5,10,11
2026-05-07T06:58:54Z,96,5,10,13
2026-05-07T07:00:54Z,96,6,11,17
2026-05-07T07:02:54Z,96,6,8,10
2026-05-07T07:04:54Z,96,5,16,19
2026-05-07T07:06:54Z,96,5,10,13
2026-05-07T07:08:54Z,96,4,14,15
2026-05-07T07:10:54Z,96,5,11,11
2026-05-07T07:12:54Z,96,5,8,10
2026-05-07T07:14:54Z,96,4,11,11
2026-05-07T07:16:54Z,96,4,8,11
2026-05-07T07:18:54Z,96,5,10,11
2026-05-07T07:20:54Z,96,7,11,12
2026-05-07T07:22:54Z,96,4,8,11
2026-05-07T07:24:54Z,96,3,9,14
2026-05-07T07:26:54Z,96,5,12,14
2026-05-07T07:28:54Z,96,6,9,12
2026-05-07T07:30:54Z,96,6,12,13
2026-05-07T07:32:54Z,96,6,11,14
2026-05-07T07:34:54Z,96,5,10,10
2026-05-07T07:36:54Z,96,5,11,11
2026-05-07T07:38:54Z,95,6,11,13
2026-05-07T07:40:54Z,95,5,9,10
2026-05-07T07:42:54Z,95,6,9,10
2026-05-07T07:44:54Z,95,2,7,9
2026-05-07T07:46:54Z,95,6,13,14
2026-05-07T07:48:54Z,96,7,11,14
2026-05-07T07:50:54Z,95,3,8,8
2026-05-07T07:52:54Z,95,7,12,13
2026-05-07T07:54:54Z,95,4,10,13
2026-05-07T07:56:54Z,95,5,9,11
2026-05-07T07:58:54Z,95,7,10,15
2026-05-07T08:00:54Z,95,4,10,10
2026-05-07T08:02:54Z,95,6,11,12
2026-05-07T08:04:54Z,95,7,9,13
2026-05-07T08:06:54Z,95,6,11,12
2026-05-07T08:08:54Z,95,6,12,14
2026-05-07T08:10:54Z,95,7,15,17
2026-05-07T08:12:54Z,95,6,12,14
2026-05-07T08:14:54Z,95,6,14,15
2026-05-07T08:16:54Z,95,6,9,11
2026-05-07T08:18:54Z,95,6,15,16
2026-05-07T08:20:54Z,95,6,11,13
2026-05-07T08:22:54Z,95,9,16,26
2026-05-07T08:24:54Z,95,6,11,12
2026-05-07T08:26:54Z,95,6,11,12
2026-05-07T08:28:54Z,95,8,13,15
2026-05-07T08:30:54Z,95,6,16,16
2026-05-07T08:32:54Z,95,6,12,13
2026-05-07T08:34:54Z,95,6,15,15
2026-05-07T08:36:54Z,95,6,13,15
2026-05-07T08:38:54Z,95,8,13,16
2026-05-07T08:40:54Z,95,9,16,19
2026-05-07T08:42:54Z,95,8,12,12
2026-05-07T08:44:54Z,95,6,12,12
2026-05-07T08:46:54Z,95,8,13,14
2026-05-07T08:48:54Z,95,8,13,14
2026-05-07T08:50:54Z,95,6,13,14
2026-05-07T08:52:54Z,95,7,11,16
2026-05-07T08:54:54Z,95,5,12,14
2026-05-07T08:56:54Z,95,7,12,13
2026-05-07T08:58:54Z,95,8,12,13
2026-05-07T09:00:54Z,95,7,15,18
2026-05-07T09:02:54Z,95,10,16,18
2026-05-07T09:04:54Z,95,8,14,24
2026-05-07T09:06:54Z,95,7,14,21
2026-05-07T09:08:54Z,95,7,15,16
2026-05-07T09:10:54Z,95,6,13,14
2026-05-07T09:12:54Z,95,8,13,21
2026-05-07T09:14:54Z,95,10,20,21
2026-05-07T09:16:54Z,95,7,14,14
2026-05-07T09:18:54Z,95,10,21,28
2026-05-07T09:20:54Z,95,9,13,13
2026-05-07T09:22:54Z,95,7,11,13
2026-05-07T09:24:54Z,95,9,15,18
2026-05-07T09:26:54Z,95,6,20,20
2026-05-07T09:28:54Z,95,7,11,12
2026-05-07T09:30:54Z,95,7,11,13
2026-05-07T09:32:54Z,95,8,11,13
2026-05-07T09:34:54Z,95,10,15,16
2026-05-07T09:36:54Z,95,8,15,16
2026-05-07T09:38:54Z,95,7,13,15
2026-05-07T09:40:54Z,95,8,13,14
2026-05-07T09:42:54Z,95,9,17,18
2026-05-07T09:44:54Z,95,7,16,25
2026-05-07T09:46:54Z,95,7,13,14
2026-05-07T09:48:54Z,95,10,15,15
2026-05-07T09:50:54Z,95,7,17,19
2026-05-07T09:52:54Z,95,8,13,20
2026-05-07T09:54:54Z,95,9,16,17
2026-05-07T09:56:54Z,95,7,11,13
2026-05-07T09:58:54Z,95,8,15,18
2026-05-07T10:00:54Z,95,7,10,14
2026-05-07T10:02:54Z,95,6,13,21
2026-05-07T10:04:54Z,95,7,10,11
2026-05-07T10:06:54Z,95,8,13,14
2026-05-07T10:08:54Z,95,8,14,14
2026-05-07T10:10:54Z,95,8,14,14
2026-05-07T10:12:54Z,95,8,14,14
2026-05-07T10:14:54Z,95,7,15,16
2026-05-07T10:16:54Z,95,10,17,17
2026-05-07T10:18:54Z,95,9,17,18
2026-05-07T10:20:54Z,95,9,16,19
2026-05-07T10:22:54Z,95,9,13,15
2026-05-07T10:24:54Z,94,7,13,20
2026-05-07T10:26:54Z,95,7,14,15
2026-05-07T10:28:54Z,94,8,11,13
2026-05-07T10:30:54Z,95,8,16,17
2026-05-07T10:32:54Z,95,7,13,15
2026-05-07T10:34:54Z,94,8,11,15
2026-05-07T10:36:54Z,95,8,12,12
2026-05-07T10:38:54Z,94,8,14,15
2026-05-07T10:40:54Z,94,9,13,15
2026-05-07T10:42:54Z,94,9,15,15
2026-05-07T10:44:54Z,94,6,12,14
2026-05-07T10:46:54Z,94,8,15,22
2026-05-07T10:48:54Z,94,6,11,22
2026-05-07T10:50:54Z,94,9,16,22
2026-05-07T10:52:54Z,94,7,12,19
2026-05-07T10:54:54Z,94,7,12,14
2026-05-07T10:56:54Z,94,8,15,18
2026-05-07T10:58:54Z,94,9,14,15
2026-05-07T11:00:54Z,94,8,16,19
2026-05-07T11:02:54Z,94,9,13,15
2026-05-07T11:04:54Z,94,8,14,15
2026-05-07T11:06:54Z,94,8,17,19
2026-05-07T11:08:54Z,94,9,22,24
2026-05-07T11:10:54Z,94,9,13,15
2026-05-07T11:12:54Z,94,6,14,15
2026-05-07T11:14:54Z,94,8,16,18
2026-05-07T11:16:54Z,94,8,18,19
2026-05-07T11:18:54Z,94,8,16,16
2026-05-07T11:20:54Z,94,9,17,18
2026-05-07T11:22:54Z,94,7,13,14
2026-05-07T11:24:54Z,94,10,15,16
2026-05-07T11:26:54Z,94,9,17,18
2026-05-07T11:28:54Z,94,11,15,19
2026-05-07T11:30:54Z,94,10,19,21
2026-05-07T11:32:54Z,94,10,19,21
2026-05-07T11:34:54Z,94,11,17,18
2026-05-07T11:36:54Z,94,13,18,25
2026-05-07T11:38:54Z,94,11,16,19
2026-05-07T11:40:54Z,94,12,23,34
2026-05-07T11:42:54Z,94,13,19,30
2026-05-07T11:44:54Z,94,13,24,31
2026-05-07T11:46:54Z,94,11,19,21
2026-05-07T11:48:54Z,94,12,19,21
2026-05-07T11:50:54Z,94,11,18,20
2026-05-07T11:52:54Z,94,13,21,24
2026-05-07T11:54:54Z,94,10,19,22
2026-05-07T11:56:54Z,94,11,20,20
2026-05-07T11:58:54Z,94,11,18,21
2026-05-07T12:00:54Z,94,11,20,22
2026-05-07T12:02:54Z,94,10,22,30
2026-05-07T12:04:54Z,94,16,22,34
2026-05-07T12:06:54Z,94,14,22,24
2026-05-07T12:08:54Z,94,12,18,19
2026-05-07T12:10:54Z,94,12,20,21
2026-05-07T12:12:54Z,94,12,17,20
2026-05-07T12:14:54Z,94,14,23,25
2026-05-07T12:16:54Z,94,12,18,19
2026-05-07T12:18:54Z,94,13,18,19
2026-05-07T12:20:54Z,94,10,16,20
2026-05-07T12:22:54Z,94,13,26,30
2026-05-07T12:24:54Z,93,14,17,21
2026-05-07T12:26:54Z,93,12,20,21
2026-05-07T12:28:54Z,93,12,17,18
2026-05-07T12:30:54Z,93,12,21,22
2026-05-07T12:32:54Z,93,11,17,18
2026-05-07T12:34:54Z,93,11,17,21
2026-05-07T12:36:54Z,93,13,17,18
2026-05-07T12:38:54Z,93,13,20,21
2026-05-07T12:40:54Z,93,14,22,31
2026-05-07T12:42:54Z,93,14,18,20
2026-05-07T12:44:54Z,93,15,20,23
2026-05-07T12:46:54Z,93,14,22,23
2026-05-07T12:48:54Z,93,14,24,26
2026-05-07T12:50:54Z,93,13,18,19
2026-05-07T12:52:54Z,93,11,19,20
2026-05-07T12:54:54Z,93,12,19,19
2026-05-07T12:56:54Z,93,13,19,22
2026-05-07T12:58:54Z,93,16,29,40
2026-05-07T13:00:54Z,93,14,21,23
2026-05-07T13:02:54Z,93,10,17,24
2026-05-07T13:04:54Z,93,14,19,21
2026-05-07T13:06:54Z,93,12,19,23
2026-05-07T13:08:54Z,93,11,19,26
2026-05-07T13:10:54Z,93,14,20,23
2026-05-07T13:12:54Z,93,9,20,22
2026-05-07T13:14:54Z,93,14,20,23
2026-05-07T13:16:54Z,93,12,21,22
2026-05-07T13:18:54Z,93,12,21,22
2026-05-07T13:20:54Z,93,15,23,23
2026-05-07T13:22:54Z,93,14,22,25
2026-05-07T13:24:54Z,93,11,20,22
2026-05-07T13:26:54Z,93,13,19,25
2026-05-07T13:28:54Z,93,12,18,21
2026-05-07T13:30:54Z,93,14,20,21
2026-05-07T13:32:54Z,93,11,17,18
2026-05-07T13:34:54Z,93,12,16,16
2026-05-07T13:36:54Z,93,10,17,19
2026-05-07T13:38:54Z,93,12,17,17
2026-05-07T13:40:54Z,93,12,20,21
2026-05-07T13:42:54Z,93,11,17,17
2026-05-07T13:44:54Z,93,13,21,22
2026-05-07T13:46:54Z,93,12,15,16
2026-05-07T13:48:54Z,93,12,20,22
2026-05-07T13:50:54Z,93,12,18,18
2026-05-07T13:52:54Z,93,11,18,22
2026-05-07T13:54:54Z,93,13,22,24
2026-05-07T13:56:54Z,93,10,16,17
2026-05-07T13:58:54Z,93,9,14,15
2026-05-07T14:00:54Z,93,11,17,23
2026-05-07T14:02:54Z,93,11,18,20
2026-05-07T14:04:54Z,93,11,16,17
2026-05-07T14:06:54Z,93,14,20,21
2026-05-07T14:08:54Z,93,11,16,16
2026-05-07T14:10:54Z,93,11,17,18
2026-05-07T14:12:54Z,93,12,20,21
2026-05-07T14:14:54Z,93,13,17,19
2026-05-07T14:16:54Z,93,11,17,18
2026-05-07T14:18:54Z,93,10,17,19
2026-05-07T14:20:54Z,93,14,21,24
2026-05-07T14:22:54Z,93,11,17,18
2026-05-07T14:24:54Z,93,12,18,26
2026-05-07T14:26:54Z,93,19,27,29
2026-05-07T14:28:54Z,93,15,22,22
2026-05-07T14:30:54Z,93,17,24,28
2026-05-07T14:32:54Z,93,17,25,26
2026-05-07T14:34:54Z,93,17,26,28
2026-05-07T14:36:54Z,93,16,23,24
2026-05-07T14:38:54Z,93,16,24,27
2026-05-07T14:40:54Z,93,19,27,30
2026-05-07T14:42:54Z,93,17,28,31
2026-05-07T14:44:54Z,93,16,26,29
2026-05-07T14:46:54Z,93,18,28,32
2026-05-07T14:48:54Z,92,22,34,37
2026-05-07T14:50:54Z,92,16,25,27
2026-05-07T14:52:54Z,92,16,25,32
2026-05-07T14:54:54Z,92,21,32,34
2026-05-07T14:56:54Z,92,20,31,34
2026-05-07T14:58:54Z,92,20,28,32
2026-05-07T15:00:54Z,92,18,26,29
2026-05-07T15:02:54Z,92,18,33,35
2026-05-07T15:04:54Z,92,19,28,33
2026-05-07T15:06:54Z,92,18,23,23
2026-05-07T15:08:54Z,92,25,30,32
2026-05-07T15:10:54Z,92,21,30,32
2026-05-07T15:12:54Z,92,13,20,22
2026-05-07T15:14:54Z,92,18,26,27
2026-05-07T15:16:54Z,92,17,28,28
2026-05-07T15:18:54Z,92,20,25,27
2026-05-07T15:20:54Z,92,19,26,34
2026-05-07T15:22:54Z,92,17,26,28
2026-05-07T15:24:54Z,92,19,26,28
2026-05-07T15:26:54Z,92,18,27,28
2026-05-07T15:28:54Z,92,16,24,26
2026-05-07T15:30:54Z,92,22,26,27
2026-05-07T15:32:54Z,92,16,26,27
2026-05-07T15:34:54Z,92,15,21,31
2026-05-07T15:36:54Z,92,16,21,22
2026-05-07T15:38:54Z,92,13,21,23
2026-05-07T15:40:54Z,92,14,21,22
2026-05-07T15:42:54Z,92,14,20,21
2026-05-07T15:44:54Z,92,14,20,21
2026-05-07T15:46:54Z,92,12,23,27
2026-05-07T15:48:54Z,92,13,21,23
2026-05-07T15:50:54Z,92,15,26,27
2026-05-07T15:52:54Z,92,14,26,26
2026-05-07T15:54:54Z,92,14,19,21
2026-05-07T15:56:54Z,92,13,19,21
2026-05-07T15:58:54Z,92,15,20,20
2026-05-07T16:00:54Z,92,12,19,21
2026-05-07T16:02:54Z,92,15,20,29
2026-05-07T16:04:54Z,92,14,21,23
2026-05-07T16:06:54Z,92,14,22,23
2026-05-07T16:08:54Z,92,14,20,21
2026-05-07T16:10:54Z,92,13,20,20
2026-05-07T16:12:54Z,91,15,20,21
2026-05-07T16:14:54Z,91,14,22,22
2026-05-07T16:16:54Z,91,13,20,35
2026-05-07T16:18:54Z,92,13,22,23
2026-05-07T16:20:54Z,92,17,24,25
2026-05-07T16:22:54Z,91,14,24,26
2026-05-07T16:24:54Z,91,11,16,18
2026-05-07T16:26:54Z,91,16,22,23
2026-05-07T16:28:54Z,91,10,16,19
2026-05-07T16:30:54Z,91,13,22,24
2026-05-07T16:32:54Z,91,14,20,22
2026-05-07T16:34:54Z,91,13,20,23
2026-05-07T16:36:54Z,91,15,22,23
2026-05-07T16:38:54Z,91,15,22,24
2026-05-07T16:40:54Z,91,14,22,23
2026-05-07T16:42:54Z,91,12,20,26
2026-05-07T16:44:54Z,91,17,24,25
2026-05-07T16:46:54Z,91,15,21,23
2026-05-07T16:48:54Z,91,17,24,26
2026-05-07T16:50:54Z,91,12,17,18
2026-05-07T16:52:54Z,91,11,20,26
2026-05-07T16:54:54Z,91,13,21,22
2026-05-07T16:56:54Z,91,13,24,32
2026-05-07T16:58:54Z,91,14,20,20
2026-05-07T17:00:54Z,91,15,19,22
2026-05-07T17:02:54Z,91,11,22,24
2026-05-07T17:04:54Z,91,12,17,18
2026-05-07T17:06:54Z,91,12,24,24
2026-05-07T17:08:54Z,91,15,20,23
2026-05-07T17:10:54Z,91,12,22,24
2026-05-07T17:12:54Z,91,13,22,24
2026-05-07T17:14:54Z,91,12,20,21
2026-05-07T17:16:54Z,91,12,17,22
2026-05-07T17:18:54Z,91,17,26,27
2026-05-07T17:20:54Z,91,11,21,25
2026-05-07T17:22:54Z,91,16,26,28
2026-05-07T17:24:54Z,91,12,22,22
2026-05-07T17:26:54Z,91,16,25,25
2026-05-07T17:28:54Z,91,13,31,32
2026-05-07T17:30:54Z,91,15,26,29
2026-05-07T17:32:54Z,90,15,23,23
2026-05-07T17:34:54Z,90,17,23,25
2026-05-07T17:36:54Z,90,15,23,26
2026-05-07T17:38:54Z,90,16,22,26
2026-05-07T17:40:54Z,90,14,20,20
2026-05-07T17:42:54Z,90,12,20,20
2026-05-07T17:44:54Z,90,13,18,20
2026-05-07T17:46:54Z,90,16,25,27
2026-05-07T17:48:54Z,90,13,20,22
2026-05-07T17:50:54Z,90,17,23,24
2026-05-07T17:52:54Z,90,13,24,29
2026-05-07T17:54:54Z,90,16,22,24
2026-05-07T17:56:54Z,90,11,18,21
2026-05-07T17:58:54Z,90,13,26,28
2026-05-07T18:00:54Z,90,13,23,25
2026-05-07T18:02:54Z,90,12,21,26
2026-05-07T18:04:54Z,90,13,21,23
2026-05-07T18:06:54Z,90,13,20,22
2026-05-07T18:08:54Z,90,12,19,19
2026-05-07T18:10:54Z,90,13,23,27
2026-05-07T18:12:54Z,90,11,17,20
2026-05-07T18:14:54Z,90,11,19,20
2026-05-07T18:16:54Z,90,11,15,23
2026-05-07T18:18:54Z,90,10,16,17
2026-05-07T18:20:54Z,90,14,25,27
2026-05-07T18:22:54Z,90,12,19,28
2026-05-07T18:24:54Z,90,13,20,20
2026-05-07T18:26:54Z,90,10,18,31
2026-05-07T18:28:54Z,90,11,20,25
2026-05-07T18:30:54Z,90,12,21,23
2026-05-07T18:32:54Z,90,9,18,19
2026-05-07T18:34:54Z,90,10,18,18
2026-05-07T18:36:54Z,90,9,16,25
2026-05-07T18:38:54Z,90,12,22,22
2026-05-07T18:40:54Z,90,10,15,17
2026-05-07T18:42:54Z,90,10,20,22
2026-05-07T18:44:54Z,90,8,14,14
2026-05-07T18:46:54Z,90,11,15,18
2026-05-07T18:48:54Z,90,8,17,26
2026-05-07T18:50:54Z,90,10,18,19
2026-05-07T18:52:54Z,90,10,17,19
2026-05-07T18:54:54Z,90,9,18,18
2026-05-07T18:56:54Z,90,10,20,21
2026-05-07T18:58:54Z,90,10,18,18
2026-05-07T19:00:54Z,90,9,18,18
2026-05-07T19:02:54Z,90,11,19,20
2026-05-07T19:04:54Z,90,13,18,20
2026-05-07T19:06:54Z,90,9,18,19
2026-05-07T19:08:54Z,90,9,16,16
2026-05-07T19:10:54Z,90,10,18,21
2026-05-07T19:12:54Z,90,10,17,18
2026-05-07T19:14:54Z,90,9,18,18
2026-05-07T19:16:54Z,90,10,20,20
2026-05-07T19:18:54Z,90,10,17,22
2026-05-07T19:20:54Z,90,12,15,18
2026-05-07T19:22:54Z,89,10,16,17
2026-05-07T19:24:54Z,90,12,18,19
2026-05-07T19:26:54Z,89,13,18,20
2026-05-07T19:28:54Z,89,10,15,17
2026-05-07T19:30:54Z,89,10,17,18
2026-05-07T19:32:54Z,90,11,16,22
2026-05-07T19:34:54Z,89,12,19,21
2026-05-07T19:36:54Z,89,13,19,21
2026-05-07T19:38:54Z,89,10,20,24
2026-05-07T19:40:54Z,89,12,18,19
2026-05-07T19:42:54Z,89,13,21,22
2026-05-07T19:44:54Z,89,12,19,21
2026-05-07T19:46:54Z,89,12,17,18
2026-05-07T19:48:54Z,89,11,16,23
2026-05-07T19:50:54Z,89,12,17,19
2026-05-07T19:52:54Z,89,13,21,23
2026-05-07T19:54:54Z,89,12,23,25
2026-05-07T19:56:54Z,89,12,19,19
2026-05-07T19:58:54Z,89,12,19,20
2026-05-07T20:00:54Z,89,11,20,21
2026-05-07T20:02:54Z,89,11,20,20
2026-05-07T20:04:54Z,89,12,20,23
2026-05-07T20:06:54Z,89,11,17,19
2026-05-07T20:08:54Z,89,11,20,21
2026-05-07T20:10:54Z,89,13,18,21
2026-05-07T20:12:54Z,89,10,16,17
2026-05-07T20:14:54Z,89,10,18,21
2026-05-07T20:16:54Z,89,12,19,22
2026-05-07T20:18:54Z,89,10,17,17
2026-05-07T20:20:54Z,89,10,16,17
2026-05-07T20:22:54Z,89,11,20,22
2026-05-07T20:24:54Z,89,12,16,19
2026-05-07T20:26:54Z,89,9,15,18
2026-05-07T20:28:54Z,89,15,21,22
2026-05-07T20:30:54Z,89,11,17,19
2026-05-07T20:32:54Z,89,9,15,18
2026-05-07T20:34:54Z,89,12,18,19
2026-05-07T20:36:54Z,89,10,18,20
2026-05-07T20:38:54Z,89,9,14,20
2026-05-07T20:40:54Z,89,10,15,22
2026-05-07T20:42:54Z,89,10,15,15
2026-05-07T20:44:54Z,89,8,14,14
2026-05-07T20:46:54Z,89,8,15,17
2026-05-07T20:48:54Z,88,13,19,27
2026-05-07T20:50:54Z,89,9,18,18
2026-05-07T20:52:54Z,88,8,17,19
2026-05-07T20:54:54Z,89,9,14,20
2026-05-07T20:56:54Z,89,7,15,17
2026-05-07T20:58:54Z,89,9,12,14
2026-05-07T21:00:54Z,88,9,16,17
2026-05-07T21:02:54Z,88,11,21,21
2026-05-07T21:04:54Z,88,7,12,14
2026-05-07T21:06:54Z,88,9,16,19
2026-05-07T21:08:54Z,88,11,17,20
2026-05-07T21:10:54Z,88,9,15,21
2026-05-07T21:12:54Z,88,10,18,19
2026-05-07T21:14:54Z,88,9,19,23
2026-05-07T21:16:54Z,88,10,17,17
2026-05-07T21:18:54Z,88,11,17,19
2026-05-07T21:20:54Z,88,9,14,16
2026-05-07T21:22:54Z,88,9,13,15
2026-05-07T21:24:54Z,88,11,14,19
2026-05-07T21:26:54Z,88,8,13,16
2026-05-07T21:28:54Z,88,8,14,15
2026-05-07T21:30:54Z,88,8,13,15
2026-05-07T21:32:54Z,88,11,19,21
2026-05-07T21:34:54Z,88,9,17,26
2026-05-07T21:36:54Z,88,8,14,17
2026-05-07T21:38:54Z,88,9,16,18
2026-05-07T21:40:54Z,88,9,18,22
2026-05-07T21:42:54Z,88,7,12,13
2026-05-07T21:44:54Z,87,10,15,17
2026-05-07T21:46:54Z,88,10,15,15
2026-05-07T21:48:54Z,87,9,14,18
2026-05-07T21:50:54Z,87,9,17,17
2026-05-07T21:52:54Z,87,9,19,19
2026-05-07T21:54:54Z,87,7,20,22
2026-05-07T21:56:54Z,87,7,12,14
2026-05-07T21:58:54Z,87,11,16,19
2026-05-07T22:00:54Z,87,8,15,16
2026-05-07T22:02:54Z,87,6,14,15
2026-05-07T22:04:54Z,87,9,15,20
2026-05-07T22:06:54Z,87,10,15,18
2026-05-07T22:08:54Z,87,10,15,16
2026-05-07T22:10:54Z,87,10,15,16
2026-05-07T22:12:54Z,87,10,18,22
2026-05-07T22:14:54Z,87,6,12,15
2026-05-07T22:16:54Z,87,11,20,26
2026-05-07T22:18:54Z,87,9,16,19
2026-05-07T22:20:54Z,87,8,15,17
2026-05-07T22:22:54Z,87,7,16,17
2026-05-07T22:24:54Z,87,9,20,22
2026-05-07T22:26:54Z,87,9,14,14
2026-05-07T22:28:54Z,87,9,17,18
2026-05-07T22:30:54Z,87,12,19,19
2026-05-07T22:32:54Z,87,11,21,21
2026-05-07T22:34:54Z,87,9,16,24
2026-05-07T22:36:54Z,87,13,18,20
2026-05-07T22:38:54Z,87,10,17,20
2026-05-07T22:40:54Z,87,12,20,22
2026-05-07T22:42:54Z,87,12,21,22
2026-05-07T22:44:54Z,87,17,27,34
2026-05-07T22:46:54Z,86,16,26,34
2026-05-07T22:48:54Z,87,17,31,34
2026-05-07T22:50:54Z,87,13,23,24
2026-05-07T22:52:54Z,86,11,17,25
2026-05-07T22:54:54Z,87,10,16,17
2026-05-07T22:56:54Z,87,11,17,19
2026-05-07T22:58:54Z,86,10,17,18
2026-05-07T23:00:54Z,86,12,16,20
2026-05-07T23:02:54Z,87,14,21,25
2026-05-07T23:04:54Z,86,11,18,22
2026-05-07T23:06:54Z,86,9,16,18
2026-05-07T23:08:54Z,86,12,18,21
2026-05-07T23:10:54Z,86,13,18,20
2026-05-07T23:12:54Z,86,11,17,19
2026-05-07T23:14:54Z,86,11,18,19
2026-05-07T23:16:54Z,86,10,14,16
2026-05-07T23:18:54Z,86,10,17,17
2026-05-07T23:20:54Z,86,11,18,21
2026-05-07T23:22:54Z,86,11,19,21
2026-05-07T23:24:54Z,86,11,18,22
2026-05-07T23:26:54Z,86,12,19,20
2026-05-07T23:28:54Z,86,11,19,21
2026-05-07T23:30:54Z,86,15,27,28
2026-05-07T23:32:54Z,86,11,21,24
2026-05-07T23:34:54Z,86,11,18,20
2026-05-07T23:36:54Z,86,10,20,21
2026-05-07T23:38:54Z,86,13,19,20
2026-05-07T23:40:54Z,86,12,17,19
2026-05-07T23:42:54Z,86,9,15,18
2026-05-07T23:44:54Z,86,10,15,17
2026-05-07T23:46:54Z,86,11,19,21
2026-05-07T23:48:54Z,86,9,16,17
2026-05-07T23:50:54Z,86,13,18,22
2026-05-07T23:52:54Z,86,10,17,26
2026-05-07T23:54:54Z,86,13,20,23
2026-05-07T23:56:54Z,85,11,17,17
2026-05-07T23:58:54Z,86,12,18,19
